BW,NIQE,R,FPS,L,J,PPS,DP,SP,ATP,PL,IS
180053.64,10.094297,960,22,608.0,14.0,1248,8801,-6898,0.004007704,721,5
181918.06,10.344057,800,20,632.0,13.0,1399,-6897,8801,0.003576578,650,10
183743.84,10.311727,480,8,634.0,13.0,1436,8801,-6898,0.003484516,640,15
181875.06,10.185263,480,15,634.0,13.0,1531,-6898,8801,0.003265996,594,20
181730.08,9.97027,640,15,600.0,8.0,1364,8801,-6897,0.003671146,667,25
182168.6,10.10374,960,25,605.0,11.0,1322,8801,-6898,0.003800473,692,30
175796.33,9.989604,1120,19,526.0,13.0,1248,-6897,8801,0.004026554,707,35
179309.39,10.522532,1120,23,606.0,13.0,1314,8801,-6898,0.003816855,684,40
182195.81,10.144052,960,20,629.0,13.0,1309,-6897,8801,0.003821533,696,45
184809.4,9.768998,640,24,607.0,12.0,1637,-6897,8801,0.003057306,565,50
183996.52,10.639187,960,21,597.0,10.0,1526,-6897,8801,0.003276858,602,55
182747.19,9.688703,1280,21,614.0,10.0,1103,-6897,8801,0.003915198,715,60
156868.95,10.489787,960,21,711.0,13.0,1256,-8294,8801,0.003983989,624,5
159841.0,10.029784,800,21,771.0,14.0,1355,-8294,8801,0.00369283,590,10
156184.61,9.741547,640,21,782.0,12.0,1432,8801,-8294,0.003491888,545,15
155148.61,9.820126,640,26,780.0,11.0,1490,-8295,8801,0.00335705,520,20
154231.4,9.93997,1120,21,464.0,12.0,1261,-8294,8801,0.003965523,611,30
155798.78,10.313577,960,22,570.0,13.0,1339,-8294,8801,0.003736244,582,35
159817.86,10.173526,960,20,715.0,12.0,1284,8801,-8295,0.003894323,622,45
158465.9,10.054421,1120,20,578.0,12.0,1234,8801,-8295,0.004057466,642,50
153642.1,9.915225,960,21,436.0,13.0,1308,8801,-8294,0.003825389,587,55
154055.17,9.869586,1120,21,673.0,13.0,1137,8801,-8295,0.003770742,580,60
136067.36,9.6387005,480,15,874.0,11.0,1235,-15550,8801,0.004049066,550,5
145811.86,9.687315,480,15,877.0,11.0,1328,-15550,8801,0.003769392,549,10
135172.02,9.611444,480,15,874.0,13.0,1218,-15550,8801,0.004120499,556,15
136171.48,9.923857,480,15,875.0,13.0,1240,-15550,8801,0.004034879,549,20
132712.56,9.91408,640,15,889.0,13.0,1211,-15550,8801,0.004131278,548,25
135286.47,9.973262,640,21,910.0,14.0,1384,-15550,8801,0.003622361,490,30
133438.3,9.979654,640,21,932.0,12.0,1264,8801,-13862,0.003956037,527,35
134469.56,10.003675,800,21,953.0,13.0,1291,8801,-15550,0.00387704,521,40
133689.25,9.9749975,640,23,882.0,13.0,1264,-13862,8801,0.003956275,528,45
135515.08,9.989181,800,20,887.0,12.0,1270,-15550,8801,0.003942944,534,50
135675.56,10.38189,960,16,894.0,11.0,1288,-15550,8801,0.003884839,527,55
135933.98,10.2386675,960,20,896.0,13.0,1081,8801,-15550,0.004009755,545,60
120631.68,9.783901,640,15,176.0,8.0,1058,-5008,8801,0.004726819,570,5
120714.75,10.740161,640,18,953.0,16.0,1143,8801,-5008,0.004375578,528,15
122120.39,9.953903,640,19,884.0,14.0,1150,8801,-5007,0.004352298,531,20
121545.57,10.46132,640,23,793.0,14.0,1191,8801,-5008,0.004199819,510,25
120593.44,9.813718,800,20,506.0,13.0,1164,-5007,8801,0.004305826,519,30
121616.555,10.249007,960,23,204.0,15.0,1121,-5007,8801,0.004465454,543,40
116121.73,10.050093,960,19,593.0,14.0,1112,8801,-5008,0.00451342,524,50
120210.86,10.03085,960,21,650.0,15.0,1141,8801,-5008,0.004384211,527,55
118583.77,10.127249,960,23,331.0,15.0,932,-5007,8801,0.004645002,550,60
87772.64,11.604189,320,11,2343.0,22.0,901,8801,-9112,0.005551676,487,5
89622.555,11.42604,320,6,2353.0,22.0,848,-9110,8801,0.005897111,528,10
88343.89,11.33685,320,3,2348.0,24.0,801,8801,-9112,0.00624561,551,15
87218.03,11.280277,320,3,2320.0,20.0,808,-9110,8801,0.006209813,541,20
80456.06,11.28921,320,2,2320.0,16.0,785,-9110,8801,0.006387013,513,25
85323.07,11.24027,320,3,1331.0,28.0,787,-9112,8801,0.006357971,542,30
92923.9,11.178534,320,6,68.0,6.0,843,-9112,8801,0.005933949,551,35
91065.46,11.064257,320,11,66.0,5.0,882,-9112,8801,0.005672703,516,40
87761.31,11.038518,320,11,694.0,18.0,877,-9110,8801,0.005705314,500,45
84987.58,11.089377,320,11,1112.0,19.0,863,8801,-9112,0.005801107,493,50
88719.375,11.165354,320,12,71.0,5.0,768,-9112,8801,0.005543902,491,60
508492.5,8.899677,1280,29,178.0,6.0,2494,-7327,8801,0.00201147,1022,5
498414.6,9.165952,1280,28,201.0,7.0,2424,-7327,8801,0.002063363,1028,10
501198.38,9.095536,1280,28,165.0,6.0,2508,-7328,8801,0.001994981,999,15
494774.3,9.208255,1280,28,163.0,7.0,2478,8801,-7328,0.002018767,998,20
489688.8,9.186854,1280,28,148.0,5.0,2411,-7327,8801,0.002076506,1016,25
497270.66,9.15574,1280,29,157.0,6.0,2462,8801,-7328,0.002035218,1012,35
529686.2,9.167527,1280,28,208.0,8.0,2573,-7328,8801,0.00194369,1029,40
526485.6,9.119279,1280,28,153.0,5.0,2538,-7328,8801,0.001973138,1038,45
535302.0,9.058811,1280,29,164.0,6.0,2561,8801,-7328,0.001953425,1045,50
526124.56,9.063115,1280,29,193.0,7.0,2526,8801,-7328,0.001979688,1041,55
499827.44,9.114606,1280,29,266.0,7.0,2010,8801,-7328,0.002065663,1032,60
501613.4,8.851465,1280,29,189.0,5.0,2403,8801,-6291,0.002081632,1044,5
477879.1,9.061385,1280,29,185.0,5.0,2343,8801,-6291,0.002134228,1019,10
505152.44,9.204415,1280,29,183.0,5.0,2485,8801,-6291,0.00201249,1016,15
490376.0,8.7090025,1280,29,177.0,4.0,2425,8801,-6291,0.002062649,1011,20
490835.5,8.695266,1280,29,178.0,5.0,2405,8801,-6291,0.002079231,1020,25
496267.9,8.76667,1280,29,171.0,4.0,2432,-6290,8801,0.002056924,1020,30
499948.47,8.762338,1280,29,176.0,5.0,2451,-6291,8801,0.002046257,1023,35
505689.6,8.582096,1280,28,186.0,5.0,2492,-6291,8801,0.002006951,1014,40
504031.72,8.625473,1280,29,205.0,7.0,2485,8801,-6291,0.002013405,1014,45
498880.94,8.572239,1280,28,201.0,7.0,2463,8801,-6291,0.002030098,1012,50
486064.4,8.512848,1280,28,190.0,5.0,2382,8801,-6291,0.002099151,1020,55
504275.25,8.652568,1280,28,260.0,6.0,2476,-13006,8801,0.00202121,1019,5
488375.0,8.734897,1280,29,231.0,5.0,2428,-13005,8801,0.002067295,1009,15
491905.3,8.827913,1280,29,229.0,4.0,2425,-13005,8801,0.002062855,1014,20
499210.97,8.7015705,1280,29,228.0,4.0,2433,-13006,8801,0.002056319,1026,25
467072.7,8.674528,1280,30,220.0,4.0,2313,8801,-13006,0.002161785,1009,40
481301.7,8.7218485,1280,29,223.0,4.0,2355,8801,-13006,0.002123641,1022,45
472146.03,8.862272,1280,29,226.0,4.0,2397,-13005,8801,0.002088939,986,50
764094.9,8.560074,1280,29,224.0,5.0,3083,8801,-13006,0.00136737,1044,60
448369.9,8.743831,1280,29,343.0,12.0,2287,-5589,8801,0.002187219,980,10
449744.53,8.734373,1280,28,289.0,8.0,2336,-5589,8801,0.002142188,963,15
424558.4,8.73615,1280,29,385.0,19.0,2196,8801,-5589,0.002277341,966,20
412449.1,8.88973,1280,29,406.0,21.0,2159,8801,-5590,0.002316641,955,25
406587.06,8.78704,1280,29,431.0,14.0,2060,8801,-5590,0.002432344,988,30
425778.94,8.674017,1280,29,287.0,8.0,2149,-5589,8801,0.002326903,990,35
395247.16,8.577209,1280,29,396.0,15.0,2047,8801,-5590,0.00244278,965,45
342705.78,8.874666,1280,29,818.0,12.0,1849,8801,-5590,0.002707288,927,50
360913.72,8.805706,1280,29,248.0,6.0,1655,8801,-5590,0.002556825,922,60
305354.12,8.485989,1120,22,291.0,6.0,1757,-12695,8801,0.002846404,869,5
320546.7,8.615785,1120,27,303.0,6.0,1823,-12695,8801,0.002744855,879,10
346212.9,8.52036,1280,22,294.0,5.0,1902,-12696,8801,0.002632084,911,15
356764.66,8.668872,1280,29,305.0,6.0,1887,8801,-12696,0.002652007,946,20
399769.66,8.530265,1280,29,313.0,7.0,2116,8801,-12696,0.002362988,944,25
408068.5,8.801874,1280,29,312.0,5.0,2068,8801,-12696,0.002418161,986,30
449613.22,8.93319,1280,28,314.0,7.0,2243,8801,-12696,0.002236121,1005,35
358384.03,8.801436,1280,29,365.0,9.0,1857,8801,-12696,0.00269504,965,40
370433.0,8.560263,1280,29,342.0,7.0,1846,-12696,8801,0.002710252,1003,45
367555.56,8.71871,1280,28,292.0,5.0,1864,-12696,8801,0.00268332,986,50
375324.28,8.748234,1280,29,299.0,5.0,1952,-12696,8801,0.00256154,961,55
360369.34,8.611568,1280,28,301.0,5.0,1541,8801,-12696,0.002792783,1006,60
419268.88,8.362836,1280,25,270.0,6.0,2098,8801,-13046,0.002388447,1001,5
475719.97,8.599837,1280,29,281.0,6.0,2345,8801,-13046,0.002132219,1014,10
508443.28,8.352953,1280,29,331.0,8.0,2449,-13046,8801,0.002043638,1039,20
491600.75,8.340188,1280,28,370.0,14.0,2385,8801,-13046,0.002096577,1030,25
490912.38,8.472482,1280,29,290.0,5.0,2410,-12385,8801,0.002075941,1019,30
480985.03,8.61109,1280,29,304.0,5.0,2309,8801,-13046,0.002165659,1041,35
491557.97,8.588099,1280,29,295.0,5.0,2416,8801,-13046,0.00207019,1017,40
478966.62,8.515345,1280,28,370.0,14.0,2340,8801,-13046,0.002142434,1026,55
489677.16,8.635681,1280,28,391.0,15.0,2019,8801,-13046,0.002102743,1029,60
361836.88,8.485801,1280,29,377.0,8.0,1914,8801,-7784,0.002612464,945,5
359336.12,8.559214,1280,28,368.0,8.0,1894,8801,-7784,0.002640113,948,10
362347.94,8.603245,1280,28,332.0,6.0,1931,-7783,8801,0.002599332,941,15
355690.12,8.630912,1280,29,314.0,5.0,1915,8801,-7784,0.002614408,929,20
402021.34,9.1538,1280,29,317.0,5.0,2113,8801,-7784,0.002367102,951,30
466108.03,9.125045,1280,28,326.0,6.0,2390,8801,-7784,0.002094879,976,35
422546.12,8.939575,1280,28,341.0,6.0,2185,-7783,8801,0.002293787,969,40
394193.75,8.6767435,1280,29,413.0,13.0,2052,-7783,8801,0.002437337,960,45
394521.44,8.5061,1280,28,353.0,8.0,2031,-7783,8801,0.002463044,971,50
407574.66,8.561851,1280,29,334.0,7.0,2101,8801,-7784,0.002386577,972,55
401168.7,8.542075,1280,28,343.0,7.0,1728,8801,-7784,0.002451674,983,60
489886.1,8.466763,1280,29,346.0,6.0,2402,-12155,8801,0.002088309,1023,5
485427.5,8.424377,1280,29,346.0,4.0,2369,8801,-12156,0.002114725,1026,10
494132.8,8.911179,1280,29,396.0,8.0,2365,-12155,8801,0.002115292,1045,15
493568.22,8.791118,1280,29,360.0,6.0,2415,8801,-12156,0.002070399,1021,20
497387.22,8.786467,1280,29,358.0,6.0,2418,8801,-12156,0.002068472,1028,25
499225.53,8.848743,1280,30,349.0,5.0,2409,8801,-12156,0.0020762,1036,30
485204.62,8.46469,1280,28,348.0,5.0,2409,8801,-12156,0.002077152,1007,35
492141.53,8.491792,1280,29,340.0,4.0,2465,8801,-12155,0.002028456,998,40
497822.6,8.395295,1280,29,371.0,7.0,2429,-12155,8801,0.002065822,1028,45
595249.0,8.363362,1280,29,371.0,8.0,2927,8801,-12156,0.001708731,1017,50
623367.7,8.401313,1280,29,376.0,7.0,3020,-12155,8801,0.001655636,1032,55
486350.8,8.431827,1280,29,533.0,13.0,2030,8801,-12156,0.002092007,1017,60
317763.3,9.204707,1120,27,413.0,18.0,1784,8801,-3026,0.002803743,890,5
295711.12,8.931461,1280,25,512.0,10.0,1690,8801,-3026,0.002959229,875,10
322749.22,9.319956,1280,28,395.0,5.0,1791,8801,-3026,0.002793132,901,15
327678.62,8.620955,1280,28,393.0,5.0,1777,-3025,8801,0.002814138,922,25
322066.34,8.60146,1280,28,390.0,5.0,1748,8801,-3026,0.002860942,921,35
326911.62,8.566121,1280,29,395.0,5.0,1781,-3026,8801,0.002815812,920,40
328174.1,8.528176,1280,29,398.0,6.0,1777,8801,-3026,0.002813891,923,45
353701.06,8.471059,1280,28,398.0,6.0,1875,8801,-3026,0.002666719,943,50
366151.84,8.547533,1280,29,395.0,5.0,1935,-3025,8801,0.002587945,947,55
366017.8,8.743444,1280,29,399.0,5.0,1654,8801,-3026,0.002554595,935,60
485427.53,8.388233,1280,29,455.0,6.0,2404,8801,-3865,0.002082856,1011,10
497665.97,8.275309,1280,29,480.0,8.0,2447,8801,-3865,0.00204487,1017,15
492850.47,8.326464,1280,29,451.0,5.0,2436,-3865,8801,0.002054057,1012,20
473650.88,8.303,1280,29,442.0,4.0,2275,-3865,8801,0.002206401,1045,25
477179.25,8.297552,1280,28,448.0,4.0,2308,8801,-3865,0.002175335,1038,30
474763.7,8.20643,1280,28,451.0,5.0,2240,8801,-3865,0.002233868,1060,35
487455.6,8.311467,1280,28,455.0,5.0,2358,-3864,8801,0.002120527,1033,40
493963.47,8.293502,1280,28,449.0,4.0,2425,8801,-3865,0.002061952,1018,45
482464.9,8.325469,1280,29,453.0,5.0,2350,8801,-3865,0.002128157,1026,50
488423.8,8.360922,1280,29,460.0,6.0,2397,8801,-3865,0.002086068,1018,55
377344.0,9.1909485,1280,29,495.0,5.0,1981,8801,-2287,0.002524233,952,5
380544.44,8.622168,1280,29,501.0,5.0,1984,-2286,8801,0.002524764,960,10
366630.47,8.5460205,1280,29,507.0,6.0,1922,8801,-2287,0.002602191,954,15
375453.75,8.945962,1280,28,503.0,7.0,1939,8801,-2286,0.002579892,968,20
375445.25,8.726139,1280,28,498.0,5.0,1985,-2286,8801,0.002521213,946,25
374204.78,8.70862,1280,29,510.0,6.0,1939,8801,-2287,0.002591774,969,30
362404.88,8.644253,1280,29,492.0,5.0,1786,-2286,8801,0.002804179,1016,35
371813.44,8.809137,1280,29,505.0,6.0,1940,8801,-2287,0.002579009,958,40
370222.62,8.792727,1280,29,492.0,5.0,1926,8801,-2287,0.002596737,961,45
379717.28,8.786676,1280,29,501.0,6.0,1953,8801,-2287,0.002563273,973,50
380486.84,8.7814455,1280,27,504.0,6.0,1974,8801,-2287,0.002534527,964,55
386878.5,8.9587345,1280,29,507.0,6.0,1731,8801,-2287,0.002481802,960,60
222801.95,9.240561,800,22,67.0,4.0,1541,-15860,8801,0.00324569,723,5
249004.5,9.18003,960,20,72.0,3.0,1678,8801,-15861,0.002980651,742,10
249556.08,9.073865,1120,21,72.0,3.0,1695,-15860,8801,0.002953984,737,15
281248.44,8.8389015,1120,23,74.0,3.0,1781,-15861,8801,0.002808779,789,20
292523.16,8.716409,1280,22,74.0,3.0,1879,-15860,8801,0.002663756,779,25
330070.97,8.71033,1280,26,75.0,3.0,2076,-15860,8801,0.002409882,795,30
333544.66,9.251529,1280,28,76.0,2.0,2087,8801,-15861,0.002396707,799,35
379658.16,8.886731,1280,30,72.0,2.0,2322,-15860,8801,0.002157849,819,40
392079.7,8.741827,1280,30,71.0,2.0,2332,-15860,8801,0.00214589,841,45
451716.78,8.866023,1280,29,75.0,2.0,2569,-15860,8801,0.001947858,879,50
451006.3,8.802054,1280,28,75.0,2.0,2666,8801,-15861,0.001875566,845,55
525361.3,8.732736,1280,28,73.0,2.0,2554,8801,-15861,0.001677502,881,60
156603.6,10.734149,480,14,70.0,6.0,1164,8801,-259,0.004299373,673,5
153563.17,11.129781,640,15,70.0,5.0,1150,-259,8801,0.00435234,668,10
147115.77,10.587054,480,14,72.0,4.0,1020,-259,8801,0.004905787,721,15
158162.05,10.363653,480,15,72.0,4.0,1179,8801,-260,0.004243214,671,20
154613.86,10.33617,480,14,67.0,4.0,1144,-259,8801,0.004372256,676,25
161769.7,10.102742,640,22,72.0,4.0,1158,8801,-259,0.004320493,698,35
156246.56,10.166736,640,26,69.0,4.0,1139,-260,8801,0.004404359,688,40
157983.66,10.16032,640,25,72.0,4.0,1129,-260,8801,0.004436035,700,45
156625.42,10.318914,640,26,71.0,4.0,1151,-259,8801,0.004344087,680,50
152060.7,10.285104,640,27,71.0,4.0,1091,-260,8801,0.004585577,697,55
165807.05,10.303849,640,15,72.0,4.0,953,-260,8801,0.004588533,760,60
429321.2,9.869895,1280,29,71.0,3.0,3113,-1341,8801,0.00160807,690,10
439087.6,9.690368,1280,29,74.0,3.0,3101,8801,-1342,0.001613039,708,15
448476.34,9.822896,1280,29,80.0,3.0,3110,8801,-1342,0.001607722,721,20
383619.5,9.84911,1280,29,73.0,3.0,2646,8801,-1342,0.001890174,725,25
416002.28,10.131156,1280,28,74.0,3.0,2940,8801,-1342,0.001703543,708,30
437417.7,9.3973875,1280,29,103.0,5.0,3136,-1341,8801,0.001596069,698,35
450458.16,9.309642,1280,29,68.0,3.0,2977,-1342,8801,0.001680179,756,45
437941.22,9.543428,1280,28,93.0,4.0,3059,-1341,8801,0.001636634,716,50
448009.06,10.16619,1280,29,73.0,3.0,3121,8801,-1342,0.001602635,717,55
457002.44,9.729289,1280,29,73.0,3.0,2614,-1342,8801,0.001616148,738,60
277353.78,8.585232,1280,29,193.0,6.0,1585,-9750,8801,0.003157609,875,5
281248.0,8.641083,1280,29,192.0,6.0,1592,8801,-9751,0.00314218,883,10
292605.72,8.527713,1280,28,184.0,5.0,1626,-9751,8801,0.003076776,900,20
289433.53,8.598735,1280,29,182.0,5.0,1611,-9750,8801,0.00310994,900,25
289040.2,8.713196,1280,28,189.0,6.0,1610,-9750,8801,0.003108814,898,35
294110.3,8.774363,1280,29,190.0,6.0,1658,8801,-9751,0.003021666,888,40
291906.53,8.739413,1280,28,216.0,10.0,1651,8801,-9751,0.003029325,884,45
317331.94,8.745966,1280,29,184.0,6.0,1741,8801,-9751,0.002871984,911,50
377014.38,8.856958,1280,29,191.0,6.0,2058,-9750,8801,0.002431184,916,55
379026.84,8.714579,1280,28,230.0,5.0,1746,8801,-9751,0.002432204,921,60
379635.56,8.612961,1280,29,366.0,9.0,2003,-2801,8801,0.002498084,948,5
458818.7,8.418991,1280,28,305.0,5.0,2296,8801,-2802,0.002177954,999,10
466250.9,8.213201,1280,29,301.0,5.0,2322,8801,-2802,0.002153348,1004,15
444481.9,8.322023,1280,28,371.0,8.0,2260,-2801,8801,0.002213588,983,20
456495.34,8.212477,1280,29,406.0,8.0,2327,8801,-2802,0.002148702,980,25
492187.66,8.161326,1280,29,451.0,14.0,2438,8801,-2802,0.002050926,1009,30
438796.88,8.08483,1280,29,491.0,13.0,2223,8801,-2802,0.002249561,987,35
468471.12,8.078233,1280,29,318.0,6.0,2384,-2802,8801,0.002100823,984,40
463389.94,8.210897,1280,28,514.0,14.0,2305,8801,-2802,0.002169982,1005,50
390952.8,8.470402,1280,29,335.0,8.0,2073,8801,-2802,0.002413116,943,55
422830.47,8.244624,1280,28,315.0,6.0,1815,8801,-2802,0.002317819,980,60
150551.67,9.007971,640,26,388.0,5.0,1311,8801,-7979,0.003822884,575,5
156855.14,9.54918,800,20,382.0,6.0,1300,-7979,8801,0.00384847,603,10
173050.42,9.585924,960,23,398.0,7.0,1297,8801,-7979,0.003856204,667,15
207682.48,9.180896,960,24,382.0,5.0,1405,8801,-7979,0.003564142,740,25
302126.5,8.618078,1280,26,439.0,10.0,1712,8801,-7979,0.002921761,882,30
266994.88,9.36041,960,23,386.0,5.0,1687,8801,-7979,0.002968876,792,35
301087.1,8.661609,1280,28,384.0,5.0,1697,-9900,8801,0.002955212,889,40
386245.0,8.804063,1280,29,438.0,9.0,2055,8801,-7979,0.002439522,942,45
381174.72,8.47727,1280,29,385.0,4.0,1982,8801,-7979,0.00252403,962,50
395394.12,8.222902,1280,28,436.0,9.0,1755,-7979,8801,0.002424978,958,60
177147.97,8.937676,960,20,485.0,6.0,1285,-6141,8801,0.003891337,689,5
183187.69,8.804368,960,21,487.0,5.0,1296,8801,-6141,0.003874749,709,10
239610.84,9.059942,1120,25,475.0,4.0,1489,8801,-6141,0.003360382,805,15
230031.44,8.912032,1120,26,624.0,15.0,1430,-6140,8801,0.003500449,805,20
234287.48,9.2509165,1120,27,770.0,21.0,1554,8801,-6141,0.003221237,754,25
247976.03,8.691092,1280,24,485.0,6.0,1442,-6140,8801,0.003480905,863,30
264968.75,8.608322,1280,28,484.0,5.0,1554,-6140,8801,0.00322019,853,35
256081.02,8.7434,1280,29,479.0,5.0,1512,-6140,8801,0.003309913,847,40
257354.8,8.80198,1280,28,478.0,4.0,1537,-6140,8801,0.003258845,838,50
256393.73,9.383844,1280,28,482.0,5.0,1601,-6140,8801,0.003129134,802,55
227042.6,9.329604,1120,22,483.0,5.0,1207,8801,-6141,0.003441128,781,60
219425.67,10.03606606,1120,20,121.0,5.0,1372,-4358,8801,0.003644991,799,10
205600.58,10.41666031,960,21,290.0,6.0,1746,-4358,8801,0.002864212,588,15
192934.8,9.983084679,640,15,531.0,11.0,1289,8801,-4359,0.003879853,748,20
189802.1,9.766070366,960,20,466.0,10.0,1176,8801,-4359,0.004259328,808,25
190997.77,9.812752724,800,22,524.0,11.0,1229,8801,-4359,0.004072362,777,30
191114.67,9.88672924,480,15,518.0,10.0,1328,8801,-4358,0.003778837,722,35
195115.98,9.765636444,640,15,510.0,10.0,1359,8801,-4359,0.003681122,718,40
190282.19,9.666410446,640,15,450.0,11.0,1226,-4358,8801,0.004083992,777,45
190250.88,9.486963272,960,24,422.0,11.0,1185,-4359,8801,0.004221883,803,50
189606.66,9.619632721,1120,20,442.0,11.0,1132,8801,-4358,0.004420436,838,55
188733.73,9.83045578,1120,22,516.0,12.0,962,8801,-4359,0.004374014,825,60
445296.56,8.445298,1280,29,104.0,2.0,2392,-5945,8801,0.002090567,930,5
538232.06,8.309687,1280,28,228.0,6.0,2642,-5946,8801,0.00189432,1019,10
522319.66,8.34945,1280,28,81.0,1.0,2556,-5946,8801,0.001960488,1024,15
489346.16,8.421266,1280,29,81.0,1.0,2398,-5946,8801,0.002089211,1022,20
488440.94,8.3768,1280,29,82.0,1.0,2397,8801,-5946,0.002086074,1018,25
496222.94,8.390054,1280,29,85.0,1.0,2420,-5946,8801,0.002070624,1027,30
484187.22,8.403456,1280,28,81.0,2.0,2381,8801,-5946,0.002103559,1018,35
486109.78,8.6627035,1280,28,78.0,2.0,2389,-5946,8801,0.002099826,1020,40
489422.3,8.661501,1280,29,81.0,2.0,2367,-5945,8801,0.002112421,1033,45
327003.72,8.622076,1280,29,81.0,1.0,2097,-5945,8801,0.002386006,780,50
195003.45,9.04539,480,8,411.0,10.0,1673,8801,-5945,0.00299305,583,55
187848.58,10.02416,640,15,598.0,13.0,1165,8801,-5946,0.003539939,664,60
192170.16,9.634943,1120,19,-1.0,-1.0,1316,8801,-4578,0.00380275,730,5
193821.62,9.327936,1120,20,65.0,4.0,1308,-4577,8801,0.003827572,741,10
196563.67,9.2636595,1120,22,65.0,4.0,1299,8801,-4578,0.003851968,757,15
201273.16,9.350896,1280,21,68.0,4.0,1316,8801,-4578,0.003803935,765,20
195949.84,9.39584,1280,23,67.0,4.0,1244,8801,-4578,0.004021318,787,25
187828.19,9.407781,1280,22,66.0,4.0,1228,-4577,8801,0.004077506,765,30
188083.64,9.372367,1280,22,66.0,4.0,1221,8801,-4578,0.004095473,770,35
190125.52,9.364273,1280,22,212.0,11.0,1232,8801,-4577,0.004074636,774,40
193101.39,9.255245,1120,22,549.0,12.0,1331,-4578,8801,0.003759971,726,50
184837.6,9.27573,1280,25,544.0,12.0,1244,-4577,8801,0.004033523,745,55
186633.48,9.301045,1280,23,539.0,11.0,1060,8801,-4578,0.003920048,731,60
183580.25,10.093646,960,20,599.0,12.0,1363,8801,-10205,0.003675707,674,5
184653.66,9.864837,960,21,593.0,12.0,1363,-10204,8801,0.003671405,677,10
184361.14,9.745356,1120,20,570.0,11.0,1287,-10204,8801,0.003886687,716,15
182523.4,9.765201,1120,20,234.0,9.0,1315,-10205,8801,0.003802856,694,20
176749.05,9.810977,1120,20,407.0,10.0,1236,-10205,8801,0.004057006,717,25
177217.5,9.8794,1120,20,422.0,13.0,1315,-10204,8801,0.003803713,674,30
179163.78,9.951847,1120,20,484.0,11.0,1311,-10205,8801,0.003825182,685,35
180826.45,9.712071,1120,20,409.0,12.0,1307,-10204,8801,0.003832133,692,40
174619.42,9.566683,1280,24,352.0,12.0,1230,8801,-10204,0.004066158,710,45
173159.84,9.74979,1280,20,94.0,8.0,1163,8801,-10205,0.004300457,744,50
175684.14,9.842717,1120,20,311.0,13.0,1187,-10204,8801,0.004214867,740,55
174888.12,9.992021,1120,21,515.0,13.0,1012,8801,-10205,0.004245792,742,60
172679.28,9.749858,960,21,586.0,13.0,1233,-1320,8801,0.004055204,700,5
170204.0,9.770264,960,20,246.0,12.0,1217,3702,-1172,0.004121093,701,10
169911.05,9.751546,1120,20,588.0,12.0,1193,-1320,8801,0.004191227,712,20
173621.56,9.739008,1120,20,646.0,13.0,1229,-1320,8801,0.004073228,707,25
174131.0,9.743884,1120,21,623.0,12.0,1204,-1319,8801,0.004159168,724,30
173999.05,9.71215,1120,21,634.0,11.0,1190,-1319,8801,0.004208455,732,35
175359.44,9.935672,1120,20,609.0,13.0,1263,-1319,8801,0.003964625,695,40
165156.7,9.746716,960,20,655.0,11.0,1202,-1320,8801,0.004160028,687,45
168911.9,9.755143,960,25,420.0,12.0,1198,8801,-1320,0.004180059,706,55
168376.67,9.944047,1120,21,196.0,12.0,1057,8801,-1320,0.004103978,691,60
172265.39,10.090915,1120,21,92.0,4.0,1203,8801,-7601,0.004158115,716,5
161079.78,9.994062,960,20,84.0,5.0,1391,8801,-7600,0.003595126,579,10
162311.7,9.981752,640,20,698.0,14.0,1394,-7600,8801,0.003586864,582,15
156229.69,9.8117485,960,20,409.0,9.0,1219,-7600,8801,0.004107559,641,20
159574.33,9.83355,960,21,76.0,5.0,1229,8801,-7601,0.00408018,651,25
160787.06,9.65201,1120,21,82.0,4.0,1212,-7600,8801,0.004142576,666,30
153540.98,9.638297,1120,23,85.0,5.0,1192,-7601,8801,0.004210805,646,35
165331.98,9.328557,1120,26,79.0,5.0,1261,8801,-7601,0.003971511,656,40
167307.33,9.314142,1280,21,92.0,6.0,1152,-7601,8801,0.004340363,726,45
162143.94,9.4539,1120,22,81.0,6.0,1270,8801,-7601,0.003939331,638,55
168163.6,9.273344,1120,27,73.0,4.0,1067,-7600,8801,0.003997652,672,60
153747.16,9.540162,1120,21,614.0,12.0,1172,-9472,8801,0.004273328,657,5
151907.14,9.375644,1280,28,364.0,11.0,1306,8801,-9473,0.00383658,582,15
150424.58,9.209398,1280,29,526.0,11.0,1255,8801,-9473,0.003985643,599,20
146187.27,9.166134,1280,29,341.0,11.0,1119,8801,-9473,0.00447309,653,25
159264.84,9.64728,1280,21,733.0,12.0,1325,-9473,8801,0.003775565,601,35
157135.47,9.599019,1280,24,746.0,12.0,1302,-9472,8801,0.003849111,604,40
156744.86,9.512103,1280,25,625.0,11.0,1310,-9473,8801,0.003819383,598,45
159881.12,9.469028,1280,28,425.0,10.0,1320,-9472,8801,0.003798779,607,50
157341.97,9.59381,1280,25,505.0,12.0,1323,-9473,8801,0.003781491,594,55
159495.53,9.511011,1280,26,699.0,11.0,1185,8801,-9473,0.003676952,586,60
129197.54,9.591542,1120,20,67.0,2.0,896,8801,-16079,0.005593836,722,5
133323.2,9.621381,1120,21,74.0,4.0,911,8801,-16079,0.005488622,731,10
137838.67,9.51071,1120,23,64.0,3.0,911,8801,-16079,0.005502184,758,15
138114.61,9.584194,1120,23,68.0,3.0,919,-16079,8801,0.005450403,752,20
141537.33,9.552738,1120,22,65.0,3.0,950,-16077,8801,0.005264894,745,25
142153.34,9.462644,1120,23,65.0,3.0,955,8801,-16079,0.00524353,745,30
138167.0,9.5535,1120,23,67.0,3.0,915,8801,-16079,0.00546505,755,35
141998.12,9.977309,1120,24,81.0,5.0,935,8801,-16079,0.005351611,759,40
138182.3,9.998282,1120,23,69.0,3.0,1026,-16079,8801,0.004882065,674,45
138934.31,9.711804,800,15,139.0,6.0,1150,8801,-16079,0.004368496,606,50
135958.1,9.687094,960,22,721.0,12.0,959,8801,-16079,0.005214313,708,55
138380.22,9.789341,960,23,362.0,11.0,808,8801,-16079,0.005209531,720,60
136015.14,10.036941,1120,21,811.0,14.0,1013,-7849,8801,0.004944299,672,5
136170.67,9.901834,800,22,826.0,12.0,1177,8801,-10130,0.004260552,580,15
139080.12,10.597906,800,24,795.0,12.0,1208,8801,-7849,0.004146825,576,20
141504.73,10.54607,960,21,822.0,11.0,1305,-10130,8801,0.003837457,543,25
136102.36,10.262748,960,20,869.0,11.0,1104,8801,-10130,0.004529652,616,30
140575.0,10.424856,960,21,752.0,12.0,1185,8801,-10130,0.004224638,593,35
135078.98,10.165674,960,24,779.0,14.0,1065,-10130,8801,0.004699688,634,40
134660.94,10.099492,960,21,816.0,13.0,1082,8801,-10130,0.004647306,625,45
136639.55,10.07559,960,20,534.0,14.0,1167,8801,-10130,0.004287784,585,55
141808.39,10.361251,1120,20,581.0,13.0,1169,-10130,8801,0.003700815,524,60
140979.69,10.208222,1280,24,630.0,12.0,1232,-14746,8801,0.004072021,574,5
142294.06,9.81399,1280,28,486.0,13.0,1255,-14746,8801,0.003984504,566,10
141724.2,9.836697,1280,25,710.0,12.0,1259,-14746,8801,0.003976539,563,15
141326.6,10.075397,1120,24,873.0,13.0,1266,-14747,8801,0.003953427,558,20
141625.17,10.24441,1120,25,818.0,12.0,1321,8801,-14747,0.003789507,536,25
139641.39,10.34481,1280,21,634.0,13.0,1223,-14746,8801,0.004100388,572,35
139664.52,9.848798,1280,21,690.0,12.0,1156,8801,-14747,0.004325368,604,40
139436.31,9.725757,1120,22,840.0,14.0,1283,-14747,8801,0.003901311,543,45
136341.48,10.193331,1280,26,907.0,12.0,1246,8801,-14747,0.004013439,547,50
140414.0,10.5364,1280,21,928.0,13.0,1230,-14746,8801,0.004071358,571,55
136005.47,10.0286665,1120,21,820.0,13.0,1084,8801,-14747,0.003982712,541,60
133860.61,10.075573,1120,20,224.0,13.0,1070,-4591,8801,0.004689332,627,5
132408.16,10.028179,800,21,485.0,11.0,1142,-4591,8801,0.004378682,579,10
121389.86,9.943236,960,20,833.0,14.0,1124,-4592,8801,0.004449921,540,15
111578.74,10.532364,960,20,158.0,6.0,945,8801,-4592,0.005302493,591,20
109730.84,10.30266,1120,22,76.0,3.0,1001,8801,-4592,0.005001521,548,30
110455.59,10.251642,1120,21,90.0,5.0,909,8801,-4592,0.005507413,608,35
133309.55,10.434942,1120,21,76.0,3.0,1046,8801,-4592,0.004783293,637,40
119889.34,10.206894,1120,25,74.0,3.0,903,8801,-4592,0.005553368,665,45
120414.99,10.111996,1280,20,416.0,13.0,942,8801,-4592,0.005337804,642,50
119868.36,10.121203,1120,21,823.0,15.0,957,8801,-4592,0.005225996,626,55
121623.3,10.400786,1120,23,405.0,13.0,855,8801,-4592,0.005051337,614,60
418915.22,10.269914,640,22,401.0,12.0,2534,-8180,8801,0.001973971,826,5
123545.99,10.214767,640,22,108.0,6.0,1235,8801,-8181,0.004049953,500,10
134627.75,10.157904,640,25,72.0,4.0,1203,-8180,8801,0.004162026,560,15
130220.305,9.981828,640,27,71.0,3.0,1186,8801,-8181,0.004219662,549,20
117014.85,10.54009,480,11,458.0,11.0,1138,-8180,8801,0.004398282,514,25
122609.14,10.189525,640,16,968.0,14.0,1162,8801,-8181,0.004306957,528,30
122634.91,10.250116,640,21,102.0,7.0,1199,8801,-8181,0.00417579,512,35
119746.51,10.360513,640,24,71.0,3.0,1147,-8180,8801,0.004366154,522,40
127817.945,10.1805525,640,26,73.0,3.0,1219,-8180,8801,0.004108823,525,50
119376.42,10.13104,640,18,72.0,3.0,1129,-8180,8801,0.004438202,529,55
119993.59,9.985908,640,15,73.0,4.0,941,8801,-8181,0.004596685,551,60
118917.35,9.800171,640,23,532.0,12.0,1223,-14091,8801,0.004094339,486,5
116311.87,10.033212,960,21,279.0,11.0,1201,-14091,8801,0.004171005,485,15
114569.555,9.957908,800,19,73.0,3.0,1097,-14091,8801,0.004561253,522,20
118982.22,9.881317,960,21,70.0,4.0,1108,8801,-14092,0.004515646,537,25
117424.32,10.022,1120,20,76.0,4.0,1194,8801,-14092,0.004192786,492,30
117585.984,10.108002,960,24,74.0,4.0,1121,8801,-14092,0.004474839,526,35
122135.31,10.46753,1120,20,71.0,3.0,1130,-14091,8801,0.004430325,541,40
120493.65,10.127391,1120,20,73.0,4.0,1078,-14092,8801,0.004638733,558,45
118958.0,10.227609,1120,22,71.0,3.0,1152,-14092,8801,0.004348232,517,55
131985.0,10.001652,1120,21,120.0,6.0,962,-14092,8801,0.004309332,568,60
384024.12,10.136969,640,15,1106.0,16.0,2375,-7613,8801,0.002106193,808,5
446154.84,9.893185,480,15,1107.0,13.0,2678,-7613,8801,0.00186725,833,10
281624.44,10.131967,640,21,518.0,14.0,1864,-7612,8801,0.002682531,755,20
127765.734,9.90012,640,24,100.0,6.0,1166,-7613,8801,0.004298148,549,25
117920.13,10.0295515,640,24,73.0,4.0,1143,8801,-7612,0.004378863,516,30
118883.375,9.974369,640,18,386.0,11.0,1119,-7612,8801,0.004480364,532,35
113058.37,9.821044,640,22,667.0,19.0,1096,8801,-7613,0.004570664,516,45
114476.4,9.93682,640,26,330.0,13.0,1138,-7612,8801,0.004402201,503,50
116281.43,9.95077,640,26,141.0,14.0,1151,-7612,8801,0.004352498,506,55
115063.695,10.218337,800,24,69.0,4.0,1122,8801,-8378,0.004457424,512,5
109538.39,10.30838,800,26,68.0,4.0,1140,-8378,8801,0.004387543,480,15
108949.61,9.986556,960,21,66.0,4.0,1070,-418,8801,0.004676088,509,20
107995.83,9.97811,960,23,68.0,3.0,1068,-8378,8801,0.004686996,506,25
114399.89,10.00148,960,21,67.0,4.0,1066,8801,-8378,0.004693659,536,30
111482.68,9.923896,1120,20,69.0,4.0,1066,8801,-8378,0.004690874,522,35
111632.73,10.181444,800,22,65.0,4.0,1141,8801,-418,0.004389441,490,45
112219.305,10.080249,800,22,67.0,4.0,1099,8801,-418,0.004551176,510,50
112429.055,10.324382,960,23,229.0,10.0,1145,8801,-8378,0.004369723,491,55
108992.664,10.729633,640,9,1142.0,15.0,1014,-8378,8801,0.004280105,466,60
106009.48,10.2172575,640,15,79.0,22.0,989,-11164,8801,0.005061283,536,5
105770.78,10.476306,640,15,942.0,19.0,984,-11164,8801,0.005087922,538,10
102673.47,10.520157,480,14,1375.0,17.0,1016,-11165,8801,0.004922637,505,15
97633.51,10.430386,640,14,1384.0,17.0,989,8801,-11165,0.005066946,494,20
110561.39,10.2204,480,14,139.0,9.0,1029,8801,-11165,0.004888463,540,25
110439.27,10.278865,640,17,67.0,4.0,993,-11164,8801,0.005035635,556,30
104572.016,10.220737,640,24,290.0,11.0,1068,-11165,8801,0.004683205,489,35
104043.3,10.081819,640,27,1302.0,16.0,1056,-11165,8801,0.00474867,494,40
104662.84,10.066273,640,26,454.0,15.0,1046,-11165,8801,0.004781382,500,45
96294.94,10.031338,640,26,73.0,5.0,975,-11164,8801,0.005129369,493,50
95658.7,10.17162,640,27,75.0,4.0,963,-11165,8801,0.005194317,496,55
94978.27,10.181734,640,27,72.0,4.0,811,8801,-11165,0.00526875,500,60
89762.95,10.046137,640,14,1566.0,16.0,920,-14496,8801,0.005437232,488,5
91546.336,9.997062,640,15,514.0,14.0,927,-14496,8801,0.005399179,494,10
89891.45,10.1185665,640,13,73.0,5.0,950,-14496,8801,0.005274923,474,20
99492.9,10.12811,640,24,72.0,6.0,986,8801,-14496,0.005074414,504,25
104198.18,10.211804,640,27,71.0,6.0,980,8801,-14495,0.005135974,535,30
100103.664,10.123,640,25,67.0,4.0,945,-14496,8801,0.005299089,530,35
97154.61,10.055123,640,24,1095.0,17.0,956,-14496,8801,0.005231137,508,45
95619.74,10.079468,640,26,737.0,14.0,953,-14496,8801,0.005256414,502,50
96822.86,10.0355,640,26,95.0,9.0,963,8801,-14496,0.005198454,503,55
98067.56,10.175756,640,27,71.0,5.0,818,-14496,8801,0.00518924,508,60
491379.34,8.67688179,1280,28,78.0,1.0,2425,-9611,8801,0.002068441,1016,5
490423.66,8.649587631,1280,30,80.0,1.0,2405,-9610,8801,0.00208162,1020,10
475946.72,8.43423748,1280,29,76.0,1.0,2345,-9611,8801,0.002132837,1015,15
469645.53,8.465460777,1280,28,77.0,1.0,2332,8801,-9611,0.002145575,1007,20
475539.97,8.464917183,1280,29,81.0,2.0,2366,-9610,8801,0.002117995,1007,25
466819.12,8.437286377,1280,29,79.0,1.0,2309,-9610,8801,0.002172079,1013,45
513162.66,9.166595459,1280,29,77.0,1.0,503,8801,-9611,0.001892288,971,50
491429.34,8.539229393,1280,29,80.0,2.0,2376,-9611,8801,0.002068441,1001,55
473247.25,8.890042305,1280,29,69.0,1.0,2268,8801,-2173,0.002206023,1043,5
472043.94,8.901042938,1280,29,119.0,7.0,2216,8801,-2174,0.00226022,1066,10
472473.53,8.99943161,1280,29,71.0,2.0,2394,-2174,8801,0.002092996,988,15
486341.72,8.957728386,1280,29,72.0,1.0,2404,-2173,8801,0.002080463,1011,20
482666.25,8.963479042,1280,30,74.0,1.0,2434,8801,-2174,0.00205425,991,25
471274.03,8.983539581,1280,29,75.0,2.0,2357,8801,-2174,0.002124688,1001,30
467699.22,8.50261116,1280,30,70.0,1.0,2382,-2173,8801,0.002099306,981,35
479126.84,8.605657578,1280,28,69.0,1.0,2428,8801,-2174,0.002060574,987,40
468916.1,8.921996117,1280,28,69.0,2.0,2339,8801,-2174,0.002141158,1004,45
465359.78,8.842319489,1280,29,69.0,2.0,2354,8801,-2174,0.002124424,988,50
458297.3,8.778494835,1280,29,76.0,2.0,2270,8801,-2174,0.002205796,1010,55
466055.66,8.932057381,1280,29,80.0,3.0,1674,8801,-2174,0.002140205,997,60
489384.2,8.460977554,1280,29,85.0,2.0,2414,8801,-6276,0.002074782,1015,5
499175.8,8.23041153,1280,29,77.0,1.0,2435,8801,-6276,0.002057641,1027,10
481730.22,8.264601707,1280,28,78.0,1.0,2373,-6276,8801,0.002107766,1015,15
493755.03,8.401640892,1280,29,73.0,1.0,2420,8801,-6276,0.002069733,1021,20
486271.72,8.440092087,1280,28,82.0,2.0,2326,-6276,8801,0.002152027,1046,30
480394.12,8.489900589,1280,29,76.0,1.0,2342,-6275,8801,0.002134995,1025,35
480137.75,8.642651558,1280,29,77.0,1.0,2274,-6275,8801,0.00219893,1055,40
483655.6,8.124819756,1280,29,81.0,1.0,2379,8801,-6276,0.002105991,1018,45
466377.53,8.287530899,1280,29,75.0,1.0,2169,8801,-6276,0.002311258,1077,50
486816.6,8.409221649,1280,29,86.0,2.0,2413,-6275,8801,0.002075112,1010,55
496053.78,8.511234283,1280,29,94.0,3.0,2181,8801,-6276,0.001968757,976,60
948608.2,9.170742035,1120,28,75.0,1.0,4800,-9291,8801,0.001043739,990,5
618717.3,9.506272316,960,21,77.0,1.0,3274,-9291,8801,0.00152983,946,10
145375.7,9.816295624,800,22,75.0,1.0,1237,-9291,8801,0.004044715,588,15
146004.0,9.86523056,960,22,73.0,2.0,1131,-9290,8801,0.004426087,646,20
163532.36,9.813515663,960,24,69.0,1.0,1241,-9290,8801,0.004029892,659,25
178891.69,9.676854134,1120,21,77.0,1.0,1295,-9290,8801,0.003865768,691,30
350235.88,9.114704132,1280,29,76.0,1.0,1857,-9290,8801,0.002714845,950,35
349834.0,9.03447628,1280,29,73.0,1.0,1865,-9290,8801,0.002681649,938,45
354393.53,8.996291161,1280,28,85.0,2.0,1898,-9290,8801,0.002634819,933,50
352731.28,8.641033173,1280,28,80.0,2.0,1911,-3238,8801,0.002618822,923,5
360532.7,8.715352058,1280,28,78.0,2.0,1983,-3238,8801,0.002524997,910,10
350578.72,8.685178757,1280,29,76.0,2.0,1878,-3238,8801,0.002665229,934,15
343537.78,8.678364754,1280,28,80.0,2.0,1714,-3238,8801,0.002918586,1002,20
338812.53,8.76853466,1280,30,76.0,1.0,1763,-3239,8801,0.002849743,965,25
339696.28,8.737381935,1280,28,81.0,2.0,1739,-3239,8801,0.00287563,976,30
334935.47,8.769130707,1280,28,78.0,2.0,1740,8801,-3238,0.002873652,962,35
333552.94,8.838679314,1280,29,78.0,2.0,1810,8801,-3238,0.002762485,921,40
332040.25,8.679821968,1280,29,75.0,1.0,1790,8801,-3239,0.002804503,931,45
323339.84,8.948447227,1280,28,76.0,2.0,1732,-3239,8801,0.002891739,935,50
321723.9,8.824843407,1280,28,75.0,2.0,1705,8801,-3239,0.002935797,944,55
311056.5,8.854579926,1280,28,76.0,1.0,1284,-3239,8801,0.003232104,1005,60
294256.53,8.861551285,1280,29,77.0,2.0,1607,8801,-798,0.003117745,917,5
291226.72,8.993444443,1280,29,77.0,2.0,1553,-798,8801,0.003222322,938,10
287393.9,9.07684803,1280,29,74.0,2.0,1592,-798,8801,0.003141362,902,15
290154.97,9.12405777,1280,28,79.0,3.0,1690,-5233,8801,0.002961949,859,20
294370.78,8.8424263,1280,28,76.0,2.0,1665,8801,-798,0.003009218,885,25
295259.88,8.770741463,1280,29,78.0,3.0,1596,8801,-5233,0.003138773,926,30
347890.38,8.84562397,1280,29,75.0,2.0,1820,-798,8801,0.002747409,955,35
331061.0,8.850111008,1280,29,76.0,2.0,1886,8801,-798,0.002658659,880,40
264808.2,9.09725666,1280,30,230.0,7.0,1417,8801,-5233,0.003532649,935,45
258247.2,8.956363678,1280,29,103.0,4.0,1383,8801,-798,0.003618946,934,50
262406.78,8.860705376,1280,29,75.0,2.0,1351,8801,-798,0.003714452,974,55
282024.06,8.899501801,1280,28,83.0,2.0,1196,8801,-798,0.00349824,986,60
287817.62,8.73132515,1280,29,74.0,2.0,1656,-6546,8801,0.003031677,872,5
348728.1,8.818592072,1280,29,72.0,2.0,2051,-6546,8801,0.0024446,852,10
308476.75,9.337665558,1280,29,153.0,4.0,2007,-14521,8801,0.002498919,770,15
279464.5,8.992559433,1280,28,275.0,8.0,1638,-6546,8801,0.003082157,861,20
293051.22,8.972776413,1280,29,72.0,4.0,1727,-14521,8801,0.002899574,849,25
253218.52,9.008645058,1280,29,76.0,3.0,1417,-6546,8801,0.003533173,894,30
270268.4,8.959354401,1280,29,70.0,2.0,1461,-6546,8801,0.003426768,926,35
274733.16,9.124185562,1280,28,68.0,2.0,1631,-6546,8801,0.003070177,843,40
277237.38,9.3310709,1280,29,68.0,2.0,1587,8801,-6546,0.00315995,876,45
274586.4,8.849774361,1280,29,78.0,3.0,1470,-14521,8801,0.003411184,936,50
287721.44,8.829356194,1280,29,68.0,2.0,1631,-6546,8801,0.003071238,883,55
282141.72,8.819983482,1280,29,68.0,2.0,1230,8801,-6546,0.003473579,980,60
233645.02,9.226439476,1120,23,70.0,2.0,1346,8801,-9878,0.00371534,868,5
226752.47,9.326751709,1280,24,69.0,2.0,1356,8801,-9878,0.00369004,836,10
203047.89,8.868517876,1280,23,71.0,2.0,1145,-9877,8801,0.00436795,886,15
217541.31,8.919315338,1280,26,76.0,3.0,1190,8801,-9878,0.004212367,916,20
244806.58,9.066995621,1280,29,78.0,3.0,1312,-9877,8801,0.003812723,933,30
244220.89,8.919870377,1280,28,68.0,2.0,1366,-9877,8801,0.003663993,894,35
254313.52,8.829785347,1280,29,70.0,2.0,1377,-9878,8801,0.003632497,923,40
316950.3,8.722505569,1280,28,68.0,2.0,1686,8801,-9878,0.00296783,940,45
254645.25,8.944838524,1280,29,77.0,2.0,1549,8801,-9878,0.003233552,823,50
227165.73,9.151413918,1280,29,78.0,2.0,1128,8801,-9877,0.003750866,852,60
220459.2,9.150906563,1120,24,70.0,2.0,1234,-10489,8801,0.00405325,893,5
230324.89,9.06155014,1120,20,73.0,2.0,1338,-10489,8801,0.003744477,862,10
244040.39,9.223230362,1120,23,70.0,2.0,1533,-10488,8801,0.003267045,797,15
249615.05,9.839076042,1280,22,70.0,2.0,1445,-10488,8801,0.00346332,864,20
254968.8,9.001849174,1280,25,72.0,3.0,1491,-10488,8801,0.003355551,855,25
246369.88,8.971201897,1280,26,76.0,3.0,1410,8801,-10489,0.003547348,873,30
252272.69,8.934230804,1280,29,71.0,2.0,1380,-10488,8801,0.003623684,914,35
279334.1,9.570406914,1280,28,69.0,2.0,1777,-10489,8801,0.002818638,787,45
247424.73,9.601950645,1120,22,212.0,6.0,1678,8801,-10489,0.002979946,737,50
227557.33,9.666199684,1120,26,291.0,8.0,1479,-10488,8801,0.003386398,770,55
237529.12,9.278660774,1280,22,103.0,3.0,1224,8801,-10489,0.003368173,800,60
244505.61,9.239100456,1280,29,74.0,3.0,1373,-2345,8801,0.003645714,891,5
243561.0,9.189260483,1280,28,67.0,2.0,1496,-2346,8801,0.003361839,818,10
290764.5,9.351531029,1280,26,67.0,3.0,1669,8801,-2346,0.002998566,871,15
257625.53,9.255389214,1280,28,65.0,3.0,1734,8801,-2346,0.002890908,744,20
209097.33,9.610423088,1120,23,200.0,6.0,1299,-2346,8801,0.003851969,805,25
215973.58,9.470095634,1120,27,191.0,8.0,1222,8801,-2346,0.004094313,884,30
208872.81,9.329618454,1120,26,67.0,2.0,1219,8801,-2346,0.004104696,857,35
218489.02,8.995806694,1280,24,68.0,3.0,1267,8801,-2346,0.003951586,863,40
231875.19,9.089849472,1280,27,70.0,3.0,1370,8801,-2346,0.00365521,847,45
219645.33,8.969528198,1280,30,69.0,3.0,1222,8801,-2346,0.004097217,899,50
219015.9,8.84633255,1280,29,71.0,2.0,1222,8801,-2346,0.00409436,896,55
232480.23,8.812374115,1280,28,79.0,3.0,1098,8801,-2346,0.003783807,879,60
243723.84,9.565380096,1280,25,78.0,2.0,1441,8801,-4678,0.003473289,846,5
255904.52,10.0329752,1280,28,77.0,2.0,1804,8801,-4678,0.002780293,711,10
232565.06,9.787259102,960,21,308.0,7.0,1510,-4677,8801,0.003320603,772,15
212143.58,9.710036278,1120,24,405.0,9.0,1344,-4677,8801,0.003729094,791,20
221000.42,9.164367676,1120,27,143.0,4.0,1368,8801,-4678,0.003659227,808,25
224190.66,9.295934677,1280,21,78.0,3.0,1307,8801,-4678,0.003848279,862,30
210326.75,9.282801628,1280,28,78.0,3.0,1208,8801,-4678,0.004141435,871,35
240889.89,9.214085579,1280,29,73.0,2.0,1412,8801,-4678,0.003546496,854,45
228346.31,9.1966362,1280,29,75.0,2.0,1377,8801,-4678,0.003649898,833,50
234461.19,9.12567997,1280,28,74.0,2.0,1323,-4677,8801,0.003789477,888,55
239407.66,9.136488914,1280,28,80.0,3.0,1097,-4677,8801,0.003825645,915,60
203199.22,9.743753433,1280,26,67.0,2.0,1342,-10873,8801,0.003726596,757,10
208441.83,9.310250282,1280,25,66.0,2.0,1279,8801,-10874,0.003913531,815,15
204488.03,9.147844315,1280,27,70.0,3.0,1290,-10873,8801,0.003893145,796,20
202394.58,9.163174629,1280,24,68.0,4.0,1202,8801,-10873,0.0041656,843,30
257805.27,9.123711586,1280,26,68.0,4.0,1502,8801,-10874,0.00333409,859,35
227325.4,9.315314293,1280,27,69.0,3.0,1521,8801,-10874,0.003288821,747,40
212536.28,10.30150127,960,20,109.0,4.0,1435,-10873,8801,0.003487201,741,45
186211.2,10.04709816,960,24,399.0,10.0,1183,8801,-10874,0.004227795,787,50
190688.98,9.656205177,1120,22,91.0,4.0,1309,-10873,8801,0.003820868,728,55
207366.11,9.47188282,1120,24,67.0,3.0,1145,8801,-10874,0.003673826,761,60
214185.03,9.831113815,1120,20,262.0,6.0,1435,8801,-3812,0.003487603,746,5
219225.47,9.326210976,1280,21,156.0,7.0,1326,-3812,8801,0.00377318,827,15
206228.28,9.164385796,1280,23,68.0,3.0,1431,8801,-3812,0.003498122,721,20
226573.69,9.161958694,1280,29,70.0,4.0,1520,8801,-3812,0.003292983,746,30
212826.88,9.14268589,1280,22,69.0,3.0,1457,8801,-3811,0.003438325,731,35
201676.98,9.053206444,1280,22,64.0,4.0,1263,8801,-3812,0.00396058,798,40
213986.45,9.104897499,1280,26,66.0,4.0,1315,8801,-3812,0.003826581,818,45
214784.0,9.551864624,1280,28,65.0,3.0,1310,8801,-3812,0.003817,819,50
217637.0,9.712410927,1280,28,67.0,4.0,1290,-3811,8801,0.003891053,846,55
214391.3,9.604641914,1280,28,65.0,3.0,1137,8801,-3812,0.003772091,808,60
201278.19,9.91810894,1280,24,69.0,3.0,1340,-9066,8801,0.003739089,752,5
230735.3,9.476106644,1280,24,73.0,4.0,1344,8801,-9065,0.003727499,860,10
204259.67,9.504240036,1280,24,73.0,2.0,1366,-9066,8801,0.003660916,747,15
192866.38,10.03853512,800,20,363.0,9.0,1334,8801,-9066,0.003754967,724,20
167460.44,9.913062096,960,24,404.0,10.0,1140,-9065,8801,0.004398866,736,25
176647.55,9.946773529,1120,20,71.0,2.0,1105,-9066,8801,0.004531558,800,30
179732.38,9.88480854,1120,24,70.0,2.0,1183,8801,-9066,0.004231702,760,35
180681.45,9.557800293,1280,24,73.0,3.0,1103,8801,-9066,0.004553096,822,40
197215.94,9.617724419,1280,29,73.0,2.0,1147,-9065,8801,0.00436805,861,50
202607.17,9.349916458,1280,28,72.0,2.0,1187,8801,-9066,0.004223461,855,55
199137.34,9.324612617,1280,29,77.0,3.0,999,8801,-9066,0.004278962,852,60
192418.81,9.736231804,960,12,128.0,5.0,1407,8801,-6198,0.00355547,684,5
168819.67,9.776498795,800,20,523.0,10.0,1221,-6198,8801,0.004110794,693,10
166344.69,9.681973457,960,24,247.0,6.0,1106,8801,-6198,0.004536165,754,15
170023.9,9.664614677,1120,21,74.0,3.0,1072,-6198,8801,0.004692569,797,20
175667.75,9.740641594,1120,23,71.0,2.0,1227,-6197,8801,0.004079681,716,25
179198.12,10.00666142,1120,27,74.0,3.0,1208,-6198,8801,0.004143357,742,30
181117.6,9.043480873,1280,20,74.0,2.0,1072,8801,-6198,0.004666945,845,35
184462.08,8.986351967,1280,24,73.0,3.0,1099,-6198,8801,0.00455424,840,40
186802.6,9.120774269,1280,20,78.0,4.0,1198,-6197,8801,0.004181782,781,45
184327.1,9.080928802,1280,23,74.0,3.0,1073,-6197,8801,0.004662727,859,50
191666.61,9.192806244,1280,23,74.0,2.0,1257,8801,-6198,0.003998594,766,55
184301.0,9.147973061,1280,23,81.0,3.0,892,8801,-6197,0.004690465,864,60
699736.8,10.17761421,960,20,550.0,11.0,3611,-7914,8801,0.00138538,969,5
179723.58,9.800107956,800,24,546.0,9.0,1282,-7913,8801,0.00390352,701,15
181507.0,9.785843849,960,21,352.0,10.0,1233,8801,-7913,0.004056106,736,20
182173.9,10.06157207,960,21,427.0,11.0,1363,8801,-7914,0.003671602,668,25
180388.39,9.813817978,960,23,572.0,13.0,1324,-7913,8801,0.003780601,681,30
179719.77,10.02848434,1120,20,578.0,13.0,1223,8801,-7913,0.004101138,737,35
181743.16,10.21762657,960,21,602.0,12.0,1231,8801,-7914,0.004069888,739,45
181208.12,9.674300194,960,23,495.0,11.0,1149,-7914,8801,0.004351982,788,50
184652.88,9.836354256,1120,21,269.0,11.0,1393,8801,-7913,0.003591967,663,55
183139.67,10.20652485,1120,21,254.0,12.0,1127,8801,-7913,0.003833731,702,60
174216.25,9.901941299,960,25,77.0,3.0,1138,8801,-15908,0.004415971,769,5
160419.72,9.690587044,1120,21,75.0,3.0,996,8801,-15908,0.005025046,806,10
176831.03,9.747495651,1120,20,74.0,3.0,1155,-15908,8801,0.004331222,765,15
179635.75,10.05326176,1120,22,76.0,3.0,1317,-15908,8801,0.003797324,682,20
176141.45,10.04299355,1120,22,79.0,3.0,1104,8801,-15907,0.00453063,798,25
174221.94,9.606085777,1120,20,74.0,3.0,1064,-15908,8801,0.004700264,818,30
168986.83,9.690470695,1120,23,82.0,4.0,1111,8801,-15908,0.004508401,761,35
167633.2,9.70811367,1120,25,117.0,9.0,1110,8801,-15908,0.004505396,755,40
166900.73,9.561011314,1120,27,408.0,12.0,1016,-15908,8801,0.004929754,822,45
172059.14,9.929929733,960,24,606.0,13.0,1164,-15907,8801,0.004296058,739,55
168745.17,9.767854691,1120,21,546.0,12.0,916,8801,-15908,0.004605269,777,60
178580.62,9.97352314,960,19,61.0,15.0,1181,8801,-8258,0.004234994,756,5
165652.77,9.999507904,960,23,63.0,3.0,1120,-8258,8801,0.004469304,740,10
153251.03,9.944850922,960,21,203.0,7.0,1006,8801,-8258,0.004983702,763,15
162576.14,9.961108208,800,21,669.0,14.0,1207,8801,-8909,0.004142611,673,20
160095.67,9.802282333,800,21,658.0,14.0,1291,-8909,8801,0.003886328,622,25
164299.14,9.843090057,800,20,364.0,12.0,1322,8801,-8258,0.003785312,621,30
160576.97,10.109725,960,20,243.0,14.0,1217,8801,-8909,0.004110941,660,35
159451.94,10.03431606,960,22,384.0,12.0,1209,-8909,8801,0.004151493,661,40
163119.9,10.0302763,1120,20,622.0,12.0,1197,8801,-8258,0.004180738,681,45
161222.8,10.18007946,1120,21,643.0,13.0,1172,-8258,8801,0.004269731,688,50
158650.67,10.04179096,1120,20,658.0,12.0,1101,8801,-8258,0.004550621,721,55
160101.64,10.19336319,960,22,639.0,13.0,1015,-8258,8801,0.004292058,687,60
149382.92,10.15922737,800,20,743.0,11.0,1153,-14846,8801,0.00434627,649,5
150167.67,10.17158794,960,21,719.0,11.0,1111,8801,-14847,0.004514462,677,10
149294.17,10.19777584,960,20,711.0,14.0,1120,8801,-14847,0.004484997,669,15
148312.27,10.25162411,960,21,660.0,13.0,1146,-14846,8801,0.004365759,647,20
149527.14,10.23328018,960,21,747.0,12.0,1108,-14847,8801,0.004535386,678,25
147154.81,10.21800327,960,23,734.0,13.0,1057,8801,-14846,0.004742204,697,30
147321.8,10.189394,1120,22,706.0,13.0,1080,8801,-14846,0.004640453,683,35
149435.66,10.34166431,960,23,739.0,13.0,1079,-14847,8801,0.004640077,693,40
147642.7,10.13727665,1120,21,706.0,14.0,987,-14847,8801,0.005075542,749,50
148498.97,10.10576534,1120,21,703.0,15.0,994,-14846,8801,0.00503321,747,55
150182.6,10.09772301,1120,21,688.0,13.0,844,8801,-14847,0.005102059,766,60
137959.84,10.19926357,1280,20,788.0,12.0,1044,8801,-1366,0.004802677,662,5
136738.8,9.676221848,1120,23,770.0,13.0,1020,8801,-1366,0.004909059,671,10
138352.47,10.4054594,1120,23,775.0,12.0,1084,8801,-1365,0.004615398,638,15
137349.19,10.18152523,1120,23,676.0,13.0,1035,8801,-1366,0.004852563,666,20
138918.77,10.13044548,1120,26,652.0,13.0,1108,-1365,8801,0.004513637,627,25
137649.42,10.1848793,1280,20,773.0,11.0,1042,-1366,8801,0.004807646,661,30
135119.77,9.80175209,1280,21,778.0,14.0,964,8801,-1365,0.005186723,700,35
136015.2,9.700502396,1120,21,795.0,14.0,1058,-1365,8801,0.004744841,645,40
136203.53,10.27650547,1120,21,790.0,14.0,1049,-1366,8801,0.004771367,649,45
138703.23,10.13534927,1120,26,724.0,12.0,1143,8801,-1366,0.004393955,609,50
142849.94,10.33870411,1120,20,837.0,12.0,1089,8801,-1366,0.004007037,572,60
